Datetime,Open,High,Low,Close,Adj Close,Volume,Repaired?
2023-07-03 09:30:00-04:00,276.489990234375,279.5400085449219,276.0799865722656,278.7300109863281,278.7300109863281,15451474,False
2023-07-03 09:35:00-04:00,278.68011474609375,279.7900085449219,278.3999938964844,278.94000244140625,278.94000244140625,4215155,False
2023-07-03 09:40:00-04:00,278.9200134277344,282.510009765625,278.8800048828125,282.5093078613281,282.5093078613281,6535192,False
2023-07-03 09:45:00-04:00,282.4986877441406,284.25,281.8999938964844,283.5491027832031,283.5491027832031,5676325,False
2023-07-03 09:50:00-04:00,283.5299987792969,284.0,281.4599914550781,281.69500732421875,281.69500732421875,4546256,False
2023-07-03 09:55:00-04:00,281.71600341796875,282.489990234375,280.760009765625,281.9576110839844,281.9576110839844,4315914,False
2023-07-03 10:00:00-04:00,281.8931884765625,282.5799865722656,281.260009765625,281.42999267578125,281.42999267578125,2871131,False
2023-07-03 10:05:00-04:00,281.45001220703125,281.6300048828125,280.0400085449219,281.3900146484375,281.3900146484375,3335237,False
2023-07-03 10:10:00-04:00,281.3900146484375,281.58880615234375,280.17999267578125,280.9700012207031,280.9700012207031,2680519,False
2023-07-03 10:15:00-04:00,280.95001220703125,282.47900390625,280.6000061035156,281.9637145996094,281.9637145996094,3311095,False
2023-07-03 10:20:00-04:00,281.989990234375,282.79998779296875,281.6499938964844,282.590087890625,282.590087890625,2697196,False
2023-07-03 10:25:00-04:00,282.6156921386719,282.69000244140625,281.4100036621094,281.65618896484375,281.65618896484375,2459413,False
2023-07-03 10:30:00-04:00,281.6400146484375,282.0199890136719,280.3999938964844,280.8349914550781,280.8349914550781,2449217,False
2023-07-03 10:35:00-04:00,280.8299865722656,280.9798889160156,279.340087890625,279.37689208984375,279.37689208984375,2683510,False
2023-07-03 10:40:00-04:00,279.3699951171875,280.3999938964844,278.8999938964844,280.3192138671875,280.3192138671875,3050220,False
2023-07-03 10:45:00-04:00,280.3168029785156,280.32000732421875,279.510009765625,280.07000732421875,280.07000732421875,1904705,False
2023-07-03 10:50:00-04:00,280.0899963378906,280.54998779296875,279.67999267578125,280.25,280.25,1692654,False
2023-07-03 10:55:00-04:00,280.260009765625,280.5199890136719,279.1400146484375,279.2298889160156,279.2298889160156,1782948,False
2023-07-03 11:00:00-04:00,279.2049865722656,279.9100036621094,278.9100036621094,279.44000244140625,279.44000244140625,1865879,False
2023-07-03 11:05:00-04:00,279.4314880371094,279.49609375,278.0400085449219,278.1300048828125,278.1300048828125,2231131,False
2023-07-03 11:10:00-04:00,278.1499938964844,278.8500061035156,278.0899963378906,278.6499938964844,278.6499938964844,1827683,False
2023-07-03 11:15:00-04:00,278.6300048828125,279.4700012207031,277.739990234375,279.07000732421875,279.07000732421875,2280295,False
2023-07-03 11:20:00-04:00,279.07159423828125,279.1600036621094,278.29998779296875,278.7408142089844,278.7408142089844,1267443,False
2023-07-03 11:25:00-04:00,278.739990234375,278.739990234375,277.3204040527344,277.7958068847656,277.7958068847656,2109154,False
2023-07-03 11:30:00-04:00,277.79998779296875,278.54998779296875,277.7099914550781,278.5498962402344,278.5498962402344,1597501,False
2023-07-03 11:35:00-04:00,278.489990234375,278.510009765625,276.70001220703125,276.75,276.75,2009536,False
2023-07-03 11:40:00-04:00,276.7200012207031,276.8399963378906,275.35009765625,275.54998779296875,275.54998779296875,2945908,False
2023-07-03 11:45:00-04:00,275.5799865722656,276.69000244140625,275.1099853515625,276.5425109863281,276.5425109863281,2112404,False
2023-07-03 11:50:00-04:00,276.54998779296875,276.92999267578125,276.1199951171875,276.7001037597656,276.7001037597656,1468655,False
2023-07-03 11:55:00-04:00,276.70001220703125,277.1499938964844,275.715087890625,276.2699890136719,276.2699890136719,1817942,False
2023-07-03 12:00:00-04:00,276.2699890136719,276.57000732421875,275.4200134277344,276.45001220703125,276.45001220703125,1792824,False
2023-07-03 12:05:00-04:00,276.45001220703125,276.989990234375,276.3106994628906,276.6494140625,276.6494140625,1525357,False
2023-07-03 12:10:00-04:00,276.635009765625,277.54998779296875,276.5299987792969,277.3944091796875,277.3944091796875,1765455,False
2023-07-03 12:15:00-04:00,277.40478515625,278.4198913574219,277.29998779296875,278.3346862792969,278.3346862792969,1743311,False
2023-07-03 12:20:00-04:00,278.3580017089844,278.5190124511719,277.7200012207031,277.83990478515625,277.83990478515625,1627377,False
2023-07-03 12:25:00-04:00,277.82000732421875,278.2900085449219,277.2900085449219,277.67999267578125,277.67999267578125,1283955,False
2023-07-03 12:30:00-04:00,277.6899108886719,278.20001220703125,277.3299865722656,277.8550109863281,277.8550109863281,1220496,False
2023-07-03 12:35:00-04:00,277.84521484375,278.0,277.0299987792969,277.20831298828125,277.20831298828125,1194948,False
2023-07-03 12:40:00-04:00,277.20001220703125,277.9750061035156,277.1400146484375,277.63861083984375,277.63861083984375,1299682,False
2023-07-03 12:45:00-04:00,277.67498779296875,278.2300109863281,277.6600036621094,278.2193908691406,278.2193908691406,416655,False
2023-07-03 12:50:00-04:00,,,,,,0,True
2023-07-05 09:30:00-04:00,278.82000732421875,280.42999267578125,278.0,278.82000732421875,278.82000732421875,8199319,False
2023-07-05 09:35:00-04:00,278.8429870605469,281.67999267578125,278.6199951171875,281.5350036621094,281.5350036621094,3982811,False
2023-07-05 09:40:00-04:00,281.54998779296875,282.7799987792969,281.1600036621094,282.6632080078125,282.6632080078125,3670426,False
2023-07-05 09:45:00-04:00,282.6700134277344,282.9393005371094,281.6600036621094,281.9100036621094,281.9100036621094,2898288,False
2023-07-05 09:50:00-04:00,281.9336853027344,282.3500061035156,280.7699890136719,281.67498779296875,281.67498779296875,3157797,False
2023-07-05 09:55:00-04:00,281.6700134277344,281.7200012207031,280.67999267578125,281.20001220703125,281.20001220703125,2299760,False
2023-07-05 10:00:00-04:00,281.2699890136719,281.75,280.2300109863281,281.3700866699219,281.3700866699219,2733491,False
2023-07-05 10:05:00-04:00,281.3699951171875,281.4800109863281,279.79998779296875,279.90008544921875,279.90008544921875,2502314,False
2023-07-05 10:10:00-04:00,279.8999938964844,281.25,279.42999267578125,281.239990234375,281.239990234375,2775095,False
2023-07-05 10:15:00-04:00,281.21630859375,282.1600036621094,281.0600891113281,281.67999267578125,281.67999267578125,2512878,False
2023-07-05 10:20:00-04:00,281.6830139160156,281.92999267578125,281.43499755859375,281.6300048828125,281.6300048828125,1455603,False
2023-07-05 10:25:00-04:00,281.5600891113281,281.64990234375,280.8500061035156,280.90460205078125,280.90460205078125,1535055,False
2023-07-05 10:30:00-04:00,280.88470458984375,281.34991455078125,280.29998779296875,280.3399963378906,280.3399963378906,1577524,False
2023-07-05 10:35:00-04:00,280.3348083496094,280.75,280.0,280.61138916015625,280.61138916015625,1935629,False
2023-07-05 10:40:00-04:00,280.6400146484375,281.1000061035156,279.7699890136719,279.8500061035156,279.8500061035156,1905094,False
2023-07-05 10:45:00-04:00,279.8800964355469,280.19000244140625,278.7799987792969,279.65179443359375,279.65179443359375,2204588,False
2023-07-05 10:50:00-04:00,279.6499938964844,280.25,279.1600036621094,280.20001220703125,280.20001220703125,1755425,False
2023-07-05 10:55:00-04:00,280.2099914550781,280.6300048828125,280.0299987792969,280.4549865722656,280.4549865722656,1452022,False
2023-07-05 11:00:00-04:00,280.42999267578125,280.8500061035156,279.80999755859375,280.1846008300781,280.1846008300781,1326289,False
2023-07-05 11:05:00-04:00,280.181884765625,280.45989990234375,279.82000732421875,280.0199890136719,280.0199890136719,1125738,False
2023-07-05 11:10:00-04:00,280.0556945800781,280.54998779296875,279.7101135253906,280.1958923339844,280.1958923339844,1239757,False
2023-07-05 11:15:00-04:00,280.1700134277344,280.2218017578125,279.3900146484375,279.5992126464844,279.5992126464844,1248617,False
2023-07-05 11:20:00-04:00,279.5824890136719,279.6099853515625,278.3399963378906,278.3406982421875,278.3406982421875,1696470,False
2023-07-05 11:25:00-04:00,278.3399963378906,278.67999267578125,278.0299987792969,278.5,278.5,1767727,False
2023-07-05 11:30:00-04:00,278.5,279.19000244140625,278.3599853515625,279.06640625,279.06640625,1335977,False
2023-07-05 11:35:00-04:00,279.04998779296875,279.6300048828125,278.6700134277344,279.1600036621094,279.1600036621094,1536491,False
2023-07-05 11:40:00-04:00,279.1600036621094,280.20001220703125,279.1499938964844,279.9800109863281,279.9800109863281,1720088,False
2023-07-05 11:45:00-04:00,279.9700012207031,279.9700012207031,279.4700012207031,279.6600036621094,279.6600036621094,1022410,False
2023-07-05 11:50:00-04:00,279.65411376953125,279.79998779296875,278.6300048828125,278.7650146484375,278.7650146484375,1146283,False
2023-07-05 11:55:00-04:00,278.739990234375,279.0899963378906,277.8200988769531,278.0400085449219,278.0400085449219,1809840,False
2023-07-05 12:00:00-04:00,278.0199890136719,278.5799865722656,277.6000061035156,278.430908203125,278.430908203125,1712783,False
2023-07-05 12:05:00-04:00,278.42999267578125,278.9700012207031,278.3599853515625,278.8599853515625,278.8599853515625,1138226,False
2023-07-05 12:10:00-04:00,278.8299865722656,278.8800048828125,278.4200134277344,278.85699462890625,278.85699462890625,1034382,False
2023-07-05 12:15:00-04:00,278.8599853515625,279.4800109863281,278.8212890625,279.2099914550781,279.2099914550781,1110386,False
2023-07-05 12:20:00-04:00,279.2200012207031,279.2680969238281,278.760009765625,279.2110900878906,279.2110900878906,1001709,False
2023-07-05 12:25:00-04:00,279.21990966796875,279.6099853515625,279.110107421875,279.3699951171875,279.3699951171875,1043701,False
2023-07-05 12:30:00-04:00,279.3800048828125,279.7099914550781,279.0799865722656,279.2099914550781,279.2099914550781,1218417,False
2023-07-05 12:35:00-04:00,279.19000244140625,279.4200134277344,278.8800048828125,279.1300048828125,279.1300048828125,935413,False
2023-07-05 12:40:00-04:00,279.1336975097656,280.0989990234375,279.10009765625,279.75,279.75,1384552,False
2023-07-05 12:45:00-04:00,279.7699890136719,279.989990234375,279.5199890136719,279.8804931640625,279.8804931640625,1212269,False
2023-07-05 12:50:00-04:00,279.8970031738281,280.1700134277344,279.5,279.6000061035156,279.6000061035156,1151301,False
2023-07-05 12:55:00-04:00,279.6300964355469,280.2099914550781,279.6199951171875,279.92999267578125,279.92999267578125,1023603,False
2023-07-05 13:00:00-04:00,279.9700012207031,280.7200012207031,279.8699951171875,280.625,280.625,1420465,False
2023-07-05 13:05:00-04:00,280.6288146972656,281.1400146484375,280.4700012207031,281.0425109863281,281.0425109863281,1385907,False
2023-07-05 13:10:00-04:00,281.04998779296875,281.1199035644531,280.760009765625,280.8599853515625,280.8599853515625,981111,False
2023-07-05 13:15:00-04:00,280.8799133300781,281.09991455078125,280.3599853515625,280.6050109863281,280.6050109863281,1225829,False
2023-07-05 13:20:00-04:00,280.6029968261719,281.1000061035156,280.2799987792969,280.95001220703125,280.95001220703125,1098408,False
2023-07-05 13:25:00-04:00,280.968505859375,281.2300109863281,280.760009765625,280.79998779296875,280.79998779296875,1090468,False
2023-07-05 13:30:00-04:00,280.7900085449219,281.0498962402344,280.6300048828125,280.75,280.75,856997,False
2023-07-05 13:35:00-04:00,280.75,280.8099060058594,280.2799987792969,280.4620056152344,280.4620056152344,853145,False
2023-07-05 13:40:00-04:00,280.4648132324219,280.82000732421875,280.20001220703125,280.5350036621094,280.5350036621094,831165,False
2023-07-05 13:45:00-04:00,280.510009765625,280.989990234375,280.45330810546875,280.7398986816406,280.7398986816406,684663,False
2023-07-05 13:50:00-04:00,280.7349853515625,280.8500061035156,280.5299987792969,280.55999755859375,280.55999755859375,576976,False
2023-07-05 13:55:00-04:00,280.556396484375,280.67999267578125,280.32000732421875,280.510009765625,280.510009765625,585164,False
2023-07-05 14:00:00-04:00,280.5299987792969,281.0,279.8800048828125,279.89898681640625,279.89898681640625,1377684,False
2023-07-05 14:05:00-04:00,279.8800048828125,280.3900146484375,279.510009765625,280.2301025390625,280.2301025390625,1457496,False
2023-07-05 14:10:00-04:00,280.2449951171875,280.44000244140625,279.6400146484375,280.0299072265625,280.0299072265625,1079815,False
2023-07-05 14:15:00-04:00,280.0,280.04998779296875,278.8299865722656,278.875,278.875,1853980,False
2023-07-05 14:20:00-04:00,278.8500061035156,279.2799987792969,278.75,279.06988525390625,279.06988525390625,1271247,False
2023-07-05 14:25:00-04:00,279.0,279.8699951171875,278.989990234375,279.4100036621094,279.4100036621094,1247153,False
2023-07-05 14:30:00-04:00,279.44989013671875,280.2300109863281,279.42999267578125,280.2117919921875,280.2117919921875,1180993,False
2023-07-05 14:35:00-04:00,280.2113037109375,280.5,279.8699951171875,280.3900146484375,280.3900146484375,1209064,False
2023-07-05 14:40:00-04:00,280.3999938964844,280.7799987792969,280.3800048828125,280.57501220703125,280.57501220703125,1051064,False
2023-07-05 14:45:00-04:00,280.57501220703125,280.739990234375,280.4800109863281,280.53759765625,280.53759765625,820680,False
2023-07-05 14:50:00-04:00,280.54998779296875,281.2900085449219,280.54998779296875,280.9028015136719,280.9028015136719,1303579,False
2023-07-05 14:55:00-04:00,280.8999938964844,281.0199890136719,280.4599914550781,280.6199035644531,280.6199035644531,1060297,False
2023-07-05 15:00:00-04:00,280.6000061035156,280.7900085449219,280.5199890136719,280.5393981933594,280.5393981933594,836931,False
2023-07-05 15:05:00-04:00,280.5380859375,281.5400085449219,280.4700012207031,281.4125061035156,281.4125061035156,1765915,False
2023-07-05 15:10:00-04:00,281.4175109863281,281.6000061035156,281.2240905761719,281.45001220703125,281.45001220703125,1378045,False
2023-07-05 15:15:00-04:00,281.4599914550781,281.5,280.9100036621094,281.45989990234375,281.45989990234375,1476028,False
2023-07-05 15:20:00-04:00,281.4599914550781,282.2598876953125,281.4200134277344,281.9224853515625,281.9224853515625,2077228,False
2023-07-05 15:25:00-04:00,281.9299011230469,282.3900146484375,281.80999755859375,282.32989501953125,282.32989501953125,1149866,False
2023-07-05 15:30:00-04:00,282.30999755859375,282.5,282.04998779296875,282.19000244140625,282.19000244140625,1466118,False
2023-07-05 15:35:00-04:00,282.1886901855469,282.2699890136719,281.80999755859375,282.04998779296875,282.04998779296875,1046113,False
2023-07-05 15:40:00-04:00,282.0299987792969,282.875,281.8299865722656,282.7900085449219,282.7900085449219,2209861,False
2023-07-05 15:45:00-04:00,282.7900085449219,283.8500061035156,282.5101013183594,283.80499267578125,283.80499267578125,2665071,False
2023-07-05 15:50:00-04:00,283.7799987792969,283.7799987792969,282.680908203125,283.3507995605469,283.3507995605469,2346852,False
2023-07-05 15:55:00-04:00,283.39990234375,283.6499938964844,282.3599853515625,282.44000244140625,282.44000244140625,2793953,False
2023-07-06 09:30:00-04:00,278.0899963378906,279.9700012207031,277.8800048828125,278.409912109375,278.409912109375,8608136,False
2023-07-06 09:35:00-04:00,278.409912109375,278.55999755859375,275.75,276.8381042480469,276.8381042480469,4820390,False
2023-07-06 09:40:00-04:00,276.82000732421875,277.6400146484375,276.01019287109375,277.1390075683594,277.1390075683594,2610547,False
2023-07-06 09:45:00-04:00,277.0400085449219,277.5299987792969,276.239990234375,276.764892578125,276.764892578125,2438782,False
2023-07-06 09:50:00-04:00,276.7402038574219,277.07000732421875,273.45001220703125,273.55999755859375,273.55999755859375,5043874,False
2023-07-06 09:55:00-04:00,273.5491943359375,274.2300109863281,272.8800048828125,274.15008544921875,274.15008544921875,3210231,False
2023-07-06 10:00:00-04:00,274.2300109863281,274.5,273.0,273.17498779296875,273.17498779296875,2728456,False
2023-07-06 10:05:00-04:00,273.2200012207031,274.8299865722656,273.0199890136719,274.44000244140625,274.44000244140625,2590174,False
2023-07-06 10:10:00-04:00,274.4200134277344,275.2200012207031,273.95001220703125,275.1700134277344,275.1700134277344,2214005,False
2023-07-06 10:15:00-04:00,275.1700134277344,275.19500732421875,273.79998779296875,273.989990234375,273.989990234375,1796791,False
2023-07-06 10:20:00-04:00,273.9700012207031,274.7398986816406,273.67999267578125,274.5400085449219,274.5400085449219,1524970,False
2023-07-06 10:25:00-04:00,274.54998779296875,275.5299987792969,274.29998779296875,275.3800048828125,275.3800048828125,1918849,False
2023-07-06 10:30:00-04:00,275.3900146484375,275.8800048828125,275.07000732421875,275.25518798828125,275.25518798828125,1879043,False
2023-07-06 10:35:00-04:00,275.2200012207031,275.6400146484375,274.2699890136719,274.8395080566406,274.8395080566406,1868134,False
2023-07-06 10:40:00-04:00,274.80999755859375,276.3299865722656,274.7799987792969,276.07000732421875,276.07000732421875,1939576,False
2023-07-06 10:45:00-04:00,276.0799865722656,276.4363098144531,275.66180419921875,276.3500061035156,276.3500061035156,1664234,False
2023-07-06 10:50:00-04:00,276.34991455078125,276.47918701171875,275.29998779296875,275.8999938964844,275.8999938964844,1515446,False
2023-07-06 10:55:00-04:00,275.8999938964844,275.92999267578125,274.69000244140625,275.1199951171875,275.1199951171875,1523767,False
2023-07-06 11:00:00-04:00,275.1499938964844,276.3299865722656,275.0799865722656,276.25,276.25,1501428,False
2023-07-06 11:05:00-04:00,276.239990234375,276.29998779296875,275.04998779296875,275.17498779296875,275.17498779296875,1478893,False
2023-07-06 11:10:00-04:00,275.18890380859375,275.75,274.5199890136719,274.63909912109375,274.63909912109375,1631897,False
2023-07-06 11:15:00-04:00,274.6199951171875,275.1300048828125,274.3999938964844,274.510009765625,274.510009765625,1263860,False
2023-07-06 11:20:00-04:00,274.510009765625,275.5400085449219,274.45098876953125,275.08349609375,275.08349609375,1121161,False
2023-07-06 11:25:00-04:00,275.05999755859375,275.4700012207031,274.5,275.20001220703125,275.20001220703125,1199289,False
2023-07-06 11:30:00-04:00,275.17999267578125,275.8335876464844,274.9700927734375,275.6199951171875,275.6199951171875,1114717,False
2023-07-06 11:35:00-04:00,275.62200927734375,276.45001220703125,275.610107421875,276.1300048828125,276.1300048828125,1362963,False
2023-07-06 11:40:00-04:00,276.1600036621094,276.7699890136719,275.82000732421875,276.6000061035156,276.6000061035156,1330929,False
2023-07-06 11:45:00-04:00,276.6000061035156,276.8399963378906,276.2300109863281,276.75,276.75,1200849,False
2023-07-06 11:50:00-04:00,276.75,276.8699951171875,276.1400146484375,276.2253112792969,276.2253112792969,1134914,False
2023-07-06 11:55:00-04:00,276.239990234375,276.4495849609375,275.74859619140625,276.35150146484375,276.35150146484375,1124210,False
2023-07-06 12:00:00-04:00,276.3699951171875,277.29998779296875,276.0400085449219,277.04998779296875,277.04998779296875,1595955,False
2023-07-06 12:05:00-04:00,277.04998779296875,278.2200012207031,276.95001220703125,277.94000244140625,277.94000244140625,1808450,False
2023-07-06 12:10:00-04:00,277.9447021484375,278.139892578125,277.29998779296875,277.4150085449219,277.4150085449219,1499132,False
2023-07-06 12:15:00-04:00,277.42999267578125,277.8900146484375,277.3599853515625,277.6099853515625,277.6099853515625,1082809,False
2023-07-06 12:20:00-04:00,277.6098937988281,277.82000732421875,277.3299865722656,277.5299987792969,277.5299987792969,881961,False
2023-07-06 12:25:00-04:00,277.5299987792969,278.3598937988281,277.44000244140625,277.9372863769531,277.9372863769531,1609628,False
2023-07-06 12:30:00-04:00,277.9100036621094,278.3999938964844,277.7099914550781,278.34991455078125,278.34991455078125,1083690,False
2023-07-06 12:35:00-04:00,278.3298034667969,278.7099914550781,277.91009521484375,278.04998779296875,278.04998779296875,1484964,False
2023-07-06 12:40:00-04:00,278.04998779296875,278.2799987792969,277.3699951171875,277.5849914550781,277.5849914550781,1198815,False
2023-07-06 12:45:00-04:00,277.6000061035156,278.0,277.20001220703125,277.5,277.5,1191061,False
2023-07-06 12:50:00-04:00,277.510009765625,278.04998779296875,277.4599914550781,277.9399108886719,277.9399108886719,1115016,False
2023-07-06 12:55:00-04:00,277.9100036621094,278.3800048828125,277.6199951171875,277.99700927734375,277.99700927734375,1136912,False
2023-07-06 13:00:00-04:00,277.9849853515625,278.0899963378906,277.29998779296875,277.5400085449219,277.5400085449219,989011,False
2023-07-06 13:05:00-04:00,277.5400085449219,277.7300109863281,277.1400146484375,277.22918701171875,277.22918701171875,967547,False
2023-07-06 13:10:00-04:00,277.21270751953125,277.59991455078125,276.8800048828125,277.4800109863281,277.4800109863281,1027193,False
2023-07-06 13:15:00-04:00,277.4800109863281,277.760009765625,277.1499938964844,277.4100036621094,277.4100036621094,888592,False
2023-07-06 13:20:00-04:00,277.44000244140625,277.75,277.17999267578125,277.4700012207031,277.4700012207031,753943,False
2023-07-06 13:25:00-04:00,277.4800109863281,277.48480224609375,276.29998779296875,276.5299987792969,276.5299987792969,1308255,False
2023-07-06 13:30:00-04:00,276.5101013183594,276.55999755859375,275.57000732421875,275.84478759765625,275.84478759765625,1542686,False
2023-07-06 13:35:00-04:00,275.8500061035156,276.8380126953125,275.7200012207031,276.7250061035156,276.7250061035156,1277610,False
2023-07-06 13:40:00-04:00,276.7349853515625,277.20001220703125,276.625,277.1033935546875,277.1033935546875,1232516,False
2023-07-06 13:45:00-04:00,277.1099853515625,277.32000732421875,276.7799987792969,277.2699890136719,277.2699890136719,922569,False
2023-07-06 13:50:00-04:00,277.2702941894531,277.4700012207031,276.7699890136719,277.0101013183594,277.0101013183594,1183646,False
2023-07-06 13:55:00-04:00,277.0400085449219,277.5,276.8599853515625,277.5,277.5,825389,False
2023-07-06 14:00:00-04:00,277.510009765625,277.6600036621094,276.95001220703125,277.0899963378906,277.0899963378906,720523,False
2023-07-06 14:05:00-04:00,277.095703125,277.75,277.0700988769531,277.49468994140625,277.49468994140625,975411,False
2023-07-06 14:10:00-04:00,277.49468994140625,277.5899963378906,277.0745849609375,277.1299133300781,277.1299133300781,736410,False
2023-07-06 14:15:00-04:00,277.114990234375,277.55450439453125,276.90008544921875,277.2349853515625,277.2349853515625,830832,False
2023-07-06 14:20:00-04:00,277.23370361328125,277.3500061035156,276.760009765625,277.25,277.25,942963,False
2023-07-06 14:25:00-04:00,277.2318115234375,277.3500061035156,276.8599853515625,277.06500244140625,277.06500244140625,748017,False
2023-07-06 14:30:00-04:00,277.05010986328125,277.3669128417969,277.0060119628906,277.32501220703125,277.32501220703125,642704,False
2023-07-06 14:35:00-04:00,277.32000732421875,277.7699890136719,276.95001220703125,277.67999267578125,277.67999267578125,1038184,False
2023-07-06 14:40:00-04:00,277.68499755859375,277.7699890136719,277.4283142089844,277.739990234375,277.739990234375,630078,False
2023-07-06 14:45:00-04:00,277.7300109863281,278.05999755859375,277.4601135253906,278.010009765625,278.010009765625,1068995,False
2023-07-06 14:50:00-04:00,278.0249938964844,278.0599060058594,277.5101013183594,277.9200134277344,277.9200134277344,862142,False
2023-07-06 14:55:00-04:00,277.93438720703125,278.20001220703125,277.7701110839844,278.010009765625,278.010009765625,746904,False
2023-07-06 15:00:00-04:00,278.0299987792969,278.1300048828125,277.54998779296875,277.92999267578125,277.92999267578125,841003,False
2023-07-06 15:05:00-04:00,277.92999267578125,277.99578857421875,277.375,277.5299987792969,277.5299987792969,742434,False
2023-07-06 15:10:00-04:00,277.537109375,277.6300048828125,277.0799865722656,277.2550048828125,277.2550048828125,850059,False
2023-07-06 15:15:00-04:00,277.2550048828125,277.5400085449219,277.0799865722656,277.18499755859375,277.18499755859375,725413,False
2023-07-06 15:20:00-04:00,277.20001220703125,278.05999755859375,277.1499938964844,277.7950134277344,277.7950134277344,1159260,False
2023-07-06 15:25:00-04:00,277.8004150390625,277.94000244140625,277.360107421875,277.57000732421875,277.57000732421875,749291,False
2023-07-06 15:30:00-04:00,277.55999755859375,277.8399963378906,277.5299987792969,277.57000732421875,277.57000732421875,744519,False
2023-07-06 15:35:00-04:00,277.57000732421875,277.75,276.95001220703125,277.19000244140625,277.19000244140625,1009772,False
2023-07-06 15:40:00-04:00,277.1600036621094,277.46990966796875,277.05010986328125,277.3599853515625,277.3599853515625,800246,False
2023-07-06 15:45:00-04:00,277.3500061035156,277.6000061035156,277.1300048828125,277.4100036621094,277.4100036621094,972406,False
2023-07-06 15:50:00-04:00,277.42999267578125,277.4700012207031,276.7699890136719,276.80999755859375,276.80999755859375,1620004,False
2023-07-06 15:55:00-04:00,276.80999755859375,276.9100036621094,276.30999755859375,276.5400085449219,276.5400085449219,1947258,False
2023-07-07 09:30:00-04:00,278.42999267578125,280.7799987792969,277.9800109863281,279.1796875,279.1796875,8816065,False
2023-07-07 09:35:00-04:00,279.1499938964844,279.42999267578125,277.6099853515625,278.29998779296875,278.29998779296875,2835047,False
2023-07-07 09:40:00-04:00,278.28009033203125,279.4800109863281,278.1000061035156,279.19000244140625,279.19000244140625,2178668,False
2023-07-07 09:45:00-04:00,279.1700134277344,279.8500061035156,278.85009765625,279.4599914550781,279.4599914550781,2489580,False
2023-07-07 09:50:00-04:00,279.45001220703125,280.07000732421875,279.1499938964844,279.2950134277344,279.2950134277344,2299706,False
2023-07-07 09:55:00-04:00,279.31988525390625,279.54998779296875,278.760009765625,279.1099853515625,279.1099853515625,1900575,False
2023-07-07 10:00:00-04:00,279.0849914550781,279.29998779296875,278.17999267578125,278.45001220703125,278.45001220703125,2196491,False
2023-07-07 10:05:00-04:00,278.45001220703125,278.4700012207031,276.8699951171875,277.3500061035156,277.3500061035156,2692744,False
2023-07-07 10:10:00-04:00,277.3500061035156,277.9880065917969,277.1300048828125,277.7099914550781,277.7099914550781,1688407,False
2023-07-07 10:15:00-04:00,277.70001220703125,278.1449890136719,275.2099914550781,276.1400146484375,276.1400146484375,3418459,False
2023-07-07 10:20:00-04:00,276.1300048828125,276.2200012207031,275.510009765625,276.1300048828125,276.1300048828125,1924497,False
2023-07-07 10:25:00-04:00,276.1499938964844,276.95001220703125,275.4599914550781,276.5899963378906,276.5899963378906,2355167,False
2023-07-07 10:30:00-04:00,276.59100341796875,276.79998779296875,274.1099853515625,274.2018127441406,274.2018127441406,3004574,False
2023-07-07 10:35:00-04:00,274.17999267578125,275.2361145019531,274.04998779296875,274.7099914550781,274.7099914550781,2323249,False
2023-07-07 10:40:00-04:00,274.70001220703125,275.5799865722656,274.25,275.364990234375,275.364990234375,1814667,False
2023-07-07 10:45:00-04:00,275.340087890625,275.7799987792969,275.29998779296875,275.5050048828125,275.5050048828125,1272489,False
2023-07-07 10:50:00-04:00,275.489990234375,276.8699951171875,275.4801025390625,276.7250061035156,276.7250061035156,1684710,False
2023-07-07 10:55:00-04:00,276.7200012207031,277.04998779296875,276.2200012207031,276.96209716796875,276.96209716796875,1472777,False
2023-07-07 11:00:00-04:00,276.9599914550781,277.1499938964844,276.7500915527344,276.9599914550781,276.9599914550781,1155508,False
2023-07-07 11:05:00-04:00,276.9739074707031,277.5,276.8800048828125,277.0723876953125,277.0723876953125,1322861,False
2023-07-07 11:10:00-04:00,277.2900085449219,277.4100036621094,276.54998779296875,276.731201171875,276.731201171875,1135538,False
2023-07-07 11:15:00-04:00,276.739990234375,277.80999755859375,276.510009765625,277.6700134277344,277.6700134277344,1626115,False
2023-07-07 11:20:00-04:00,277.69000244140625,277.8900146484375,277.4200134277344,277.6553039550781,277.6553039550781,1045947,False
2023-07-07 11:25:00-04:00,277.6499938964844,277.79998779296875,277.25,277.45989990234375,277.45989990234375,1003164,False
2023-07-07 11:30:00-04:00,277.45001220703125,277.82000732421875,277.05999755859375,277.1499938964844,277.1499938964844,1110001,False
2023-07-07 11:35:00-04:00,277.1899108886719,277.79998779296875,276.85760498046875,277.6650085449219,277.6650085449219,1322696,False
2023-07-07 11:40:00-04:00,277.6700134277344,278.010009765625,277.3900146484375,277.635009765625,277.635009765625,1147146,False
2023-07-07 11:45:00-04:00,277.6300048828125,277.8500061035156,277.44000244140625,277.7850036621094,277.7850036621094,852169,False
2023-07-07 11:50:00-04:00,277.7799987792969,278.04998779296875,277.6400146484375,277.92498779296875,277.92498779296875,957660,False
2023-07-07 11:55:00-04:00,277.94000244140625,278.8599853515625,277.8800048828125,278.7401123046875,278.7401123046875,1688483,False
2023-07-07 12:00:00-04:00,278.7699890136719,279.1499938964844,278.5799865722656,279.114990234375,279.114990234375,1268432,False
2023-07-07 12:05:00-04:00,279.1300048828125,279.3800048828125,279.0199890136719,279.14190673828125,279.14190673828125,1104434,False
2023-07-07 12:10:00-04:00,279.1697998046875,279.3699951171875,278.8399963378906,278.8999938964844,278.8999938964844,1024286,False
2023-07-07 12:15:00-04:00,278.8900146484375,279.19000244140625,278.7300109863281,279.1400146484375,279.1400146484375,989498,False
2023-07-07 12:20:00-04:00,279.1300048828125,279.1499938964844,278.6000061035156,278.92999267578125,278.92999267578125,824377,False
2023-07-07 12:25:00-04:00,278.92999267578125,279.1400146484375,278.6099853515625,278.6449890136719,278.6449890136719,823442,False
2023-07-07 12:30:00-04:00,278.6400146484375,279.3800048828125,278.6400146484375,279.3500061035156,279.3500061035156,1159462,False
2023-07-07 12:35:00-04:00,279.3599853515625,279.6000061035156,279.0,279.0115051269531,279.0115051269531,1095335,False
2023-07-07 12:40:00-04:00,279.0299072265625,279.1700134277344,278.75,278.8599853515625,278.8599853515625,987542,False
2023-07-07 12:45:00-04:00,278.8500061035156,278.9700012207031,278.1499938964844,278.489990234375,278.489990234375,1226160,False
2023-07-07 12:50:00-04:00,278.4800109863281,279.1700134277344,278.4800109863281,278.9100036621094,278.9100036621094,1097611,False
2023-07-07 12:55:00-04:00,278.9100036621094,279.1099853515625,278.8699951171875,278.94000244140625,278.94000244140625,556060,False
2023-07-07 13:00:00-04:00,278.95001220703125,279.1600036621094,278.7900085449219,279.0199890136719,279.0199890136719,893810,False
2023-07-07 13:05:00-04:00,279.0115051269531,279.8800048828125,278.9599914550781,279.6600036621094,279.6600036621094,1428312,False
2023-07-07 13:10:00-04:00,279.6986999511719,279.9599914550781,279.6600036621094,279.70001220703125,279.70001220703125,996888,False
2023-07-07 13:15:00-04:00,279.6925048828125,279.8500061035156,279.3900146484375,279.54998779296875,279.54998779296875,792707,False
2023-07-07 13:20:00-04:00,279.57000732421875,279.6300048828125,279.2500915527344,279.4700012207031,279.4700012207031,658510,False
2023-07-07 13:25:00-04:00,279.4783020019531,279.7300109863281,279.260009765625,279.67498779296875,279.67498779296875,752611,False
2023-07-07 13:30:00-04:00,279.6700134277344,279.7392883300781,279.3599853515625,279.5198974609375,279.5198974609375,536704,False
2023-07-07 13:35:00-04:00,279.5,279.5198974609375,278.7900085449219,279.114990234375,279.114990234375,1047846,False
2023-07-07 13:40:00-04:00,279.1181945800781,279.3900146484375,279.010009765625,279.2650146484375,279.2650146484375,655012,False
2023-07-07 13:45:00-04:00,279.2405090332031,279.5400085449219,279.1099853515625,279.3193054199219,279.3193054199219,774524,False
2023-07-07 13:50:00-04:00,279.32000732421875,279.3800048828125,279.1199951171875,279.1700134277344,279.1700134277344,531343,False
2023-07-07 13:55:00-04:00,279.19000244140625,279.30999755859375,278.8299865722656,279.07000732421875,279.07000732421875,706316,False
2023-07-07 14:00:00-04:00,279.07501220703125,279.1600036621094,278.8800048828125,279.102294921875,279.102294921875,615279,False
2023-07-07 14:05:00-04:00,279.1098937988281,279.489990234375,278.92999267578125,279.4700012207031,279.4700012207031,711496,False
2023-07-07 14:10:00-04:00,279.489990234375,279.489990234375,279.010009765625,279.2099914550781,279.2099914550781,556681,False
2023-07-07 14:15:00-04:00,279.2099914550781,279.25,278.69000244140625,278.9726867675781,278.9726867675781,762339,False
2023-07-07 14:20:00-04:00,278.9599914550781,278.9599914550781,278.54998779296875,278.7950134277344,278.7950134277344,608582,False
2023-07-07 14:25:00-04:00,278.7998962402344,279.04998779296875,278.6499938964844,279.0299987792969,279.0299987792969,588245,False
2023-07-07 14:30:00-04:00,279.0199890136719,279.2200012207031,278.6499938964844,278.6698913574219,278.6698913574219,838949,False
2023-07-07 14:35:00-04:00,278.6499938964844,278.7200012207031,277.7099914550781,277.8346862792969,277.8346862792969,1308541,False
2023-07-07 14:40:00-04:00,277.83990478515625,277.989990234375,277.2124938964844,277.2712097167969,277.2712097167969,1364099,False
2023-07-07 14:45:00-04:00,277.29998779296875,277.70001220703125,277.0799865722656,277.6600036621094,277.6600036621094,1044440,False
2023-07-07 14:50:00-04:00,277.6648864746094,277.8393859863281,277.44000244140625,277.7300109863281,277.7300109863281,803115,False
2023-07-07 14:55:00-04:00,277.7250061035156,277.989990234375,277.5000915527344,277.70001220703125,277.70001220703125,636951,False
2023-07-07 15:00:00-04:00,277.7200012207031,277.7200012207031,277.04998779296875,277.0743103027344,277.0743103027344,1195237,False
2023-07-07 15:05:00-04:00,277.0799865722656,277.0899963378906,276.3800048828125,276.57000732421875,276.57000732421875,1534069,False
2023-07-07 15:10:00-04:00,276.57000732421875,277.05999755859375,276.57000732421875,276.8500061035156,276.8500061035156,1135944,False
2023-07-07 15:15:00-04:00,276.8609924316406,276.99810791015625,276.40008544921875,276.760009765625,276.760009765625,979533,False
2023-07-07 15:20:00-04:00,276.7550048828125,276.8599853515625,276.25,276.4049987792969,276.4049987792969,1136453,False
2023-07-07 15:25:00-04:00,276.3927917480469,276.57391357421875,275.30999755859375,275.42999267578125,275.42999267578125,1643323,False
2023-07-07 15:30:00-04:00,275.42999267578125,276.1499938964844,275.29998779296875,276.0950012207031,276.0950012207031,1456156,False
2023-07-07 15:35:00-04:00,276.1099853515625,276.12109375,275.6199951171875,275.6199951171875,275.6199951171875,1009774,False
2023-07-07 15:40:00-04:00,275.6199951171875,275.6199951171875,274.5400085449219,274.6348876953125,274.6348876953125,1769128,False
2023-07-07 15:45:00-04:00,274.6499938964844,275.0,274.4800109863281,274.4800109863281,274.4800109863281,2110660,False
2023-07-07 15:50:00-04:00,274.489990234375,274.6199951171875,273.7699890136719,274.55999755859375,274.55999755859375,2208804,False
2023-07-07 15:55:00-04:00,274.5790100097656,274.9849853515625,274.2300109863281,274.42999267578125,274.42999267578125,2191276,False
2023-07-10 09:30:00-04:00,276.4700012207031,277.5199890136719,274.1199951171875,274.4700012207031,274.4700012207031,6608187,False
2023-07-10 09:35:00-04:00,274.48809814453125,275.489990234375,272.8999938964844,274.0150146484375,274.0150146484375,3325591,False
2023-07-10 09:40:00-04:00,273.99798583984375,274.30999755859375,271.70001220703125,272.2898864746094,272.2898864746094,2801817,False
2023-07-10 09:45:00-04:00,272.29998779296875,273.32000732421875,271.3999938964844,271.3999938964844,271.3999938964844,2513704,False
2023-07-10 09:50:00-04:00,271.43499755859375,271.54998779296875,267.80010986328125,269.50408935546875,269.50408935546875,4942516,False
2023-07-10 09:55:00-04:00,269.5028076171875,270.8399963378906,268.5799865722656,270.7200012207031,270.7200012207031,2901496,False
2023-07-10 10:00:00-04:00,270.6882019042969,271.760009765625,270.5799865722656,271.1300048828125,271.1300048828125,2614622,False
2023-07-10 10:05:00-04:00,271.1300048828125,271.9700012207031,270.8901062011719,271.5646057128906,271.5646057128906,2002993,False
2023-07-10 10:10:00-04:00,271.5599060058594,271.768798828125,270.4100036621094,271.3179931640625,271.3179931640625,1957525,False
2023-07-10 10:15:00-04:00,271.29998779296875,271.70001220703125,270.2099914550781,271.57000732421875,271.57000732421875,1804840,False
2023-07-10 10:20:00-04:00,271.6199951171875,272.909912109375,271.60009765625,272.82940673828125,272.82940673828125,2200006,False
2023-07-10 10:25:00-04:00,272.7900085449219,273.2799987792969,271.9599914550781,272.0303955078125,272.0303955078125,2052256,False
2023-07-10 10:30:00-04:00,272.0400085449219,272.8699951171875,270.7699890136719,270.8599853515625,270.8599853515625,1780515,False
2023-07-10 10:35:00-04:00,270.8550109863281,271.39959716796875,269.8800048828125,271.2699890136719,271.2699890136719,2027088,False
2023-07-10 10:40:00-04:00,271.2699890136719,271.8500061035156,270.55059814453125,270.8999938964844,270.8999938964844,1438305,False
2023-07-10 10:45:00-04:00,270.885009765625,272.5314025878906,270.82000732421875,272.0799865722656,272.0799865722656,1544446,False
2023-07-10 10:50:00-04:00,272.1000061035156,272.45001220703125,270.6300048828125,270.79998779296875,270.79998779296875,1539729,False
2023-07-10 10:55:00-04:00,270.80999755859375,271.2900085449219,270.4100036621094,270.6081848144531,270.6081848144531,1306626,False
2023-07-10 11:00:00-04:00,270.6299133300781,270.8999938964844,269.3399963378906,269.68499755859375,269.68499755859375,1849174,False
2023-07-10 11:05:00-04:00,269.7099914550781,270.5400085449219,269.5199890136719,270.135009765625,270.135009765625,1447405,False
2023-07-10 11:10:00-04:00,270.135009765625,270.1700134277344,269.2799987792969,270.1199951171875,270.1199951171875,1497143,False
2023-07-10 11:15:00-04:00,270.1243896484375,270.4100036621094,269.1000061035156,269.3147888183594,269.3147888183594,1392668,False
2023-07-10 11:20:00-04:00,269.2864990234375,269.6499938964844,268.5,268.6400146484375,268.6400146484375,1690766,False
2023-07-10 11:25:00-04:00,268.639892578125,270.1400146484375,268.1700134277344,270.05999755859375,270.05999755859375,1929046,False
2023-07-10 11:30:00-04:00,270.0450134277344,270.44000244140625,269.9700012207031,270.03009033203125,270.03009033203125,1151894,False
2023-07-10 11:35:00-04:00,270.0299987792969,270.79998779296875,269.92999267578125,270.6400146484375,270.6400146484375,1131795,False
2023-07-10 11:40:00-04:00,270.6400146484375,270.8500061035156,269.1400146484375,269.32000732421875,269.32000732421875,1375455,False
2023-07-10 11:45:00-04:00,269.28369140625,269.34991455078125,267.6300048828125,268.3299865722656,268.3299865722656,2111652,False
2023-07-10 11:50:00-04:00,268.3116149902344,268.8299865722656,268.1000061035156,268.7898864746094,268.7898864746094,1325538,False
2023-07-10 11:55:00-04:00,268.7799987792969,268.989990234375,267.9800109863281,268.0408020019531,268.0408020019531,1156942,False
2023-07-10 12:00:00-04:00,268.04010009765625,268.06500244140625,266.3999938964844,267.32000732421875,267.32000732421875,2287748,False
2023-07-10 12:05:00-04:00,267.32000732421875,267.3500061035156,266.010009765625,266.3800048828125,266.3800048828125,1743865,False
2023-07-10 12:10:00-04:00,266.3800048828125,266.6000061035156,265.1000061035156,265.54510498046875,265.54510498046875,2521332,False
2023-07-10 12:15:00-04:00,265.5201110839844,266.6780090332031,265.1000061035156,266.3399963378906,266.3399963378906,1546110,False
2023-07-10 12:20:00-04:00,266.3599853515625,267.4599914550781,266.15008544921875,267.3599853515625,267.3599853515625,1397364,False
2023-07-10 12:25:00-04:00,267.3599853515625,267.6199951171875,266.8999938964844,267.1199951171875,267.1199951171875,1122533,False
2023-07-10 12:30:00-04:00,267.10528564453125,267.82000732421875,266.6300048828125,267.5899963378906,267.5899963378906,1208985,False
2023-07-10 12:35:00-04:00,267.5950012207031,267.79998779296875,266.9599914550781,267.6654052734375,267.6654052734375,984171,False
2023-07-10 12:40:00-04:00,267.6415100097656,268.1000061035156,267.54998779296875,267.6700134277344,267.6700134277344,977013,False
2023-07-10 12:45:00-04:00,267.6499938964844,268.4700012207031,267.55999755859375,268.3399963378906,268.3399963378906,999281,False
2023-07-10 12:50:00-04:00,268.3518981933594,268.6700134277344,267.9599914550781,268.2049865722656,268.2049865722656,1200247,False
2023-07-10 12:55:00-04:00,268.21929931640625,269.159912109375,267.79998779296875,268.8900146484375,268.8900146484375,1459343,False
2023-07-10 13:00:00-04:00,268.8699951171875,269.2699890136719,268.3500061035156,268.4200134277344,268.4200134277344,1155745,False
2023-07-10 13:05:00-04:00,268.44000244140625,268.69000244140625,268.2099914550781,268.30999755859375,268.30999755859375,877089,False
2023-07-10 13:10:00-04:00,268.3399963378906,268.95001220703125,267.8599853515625,268.7650146484375,268.7650146484375,1111905,False
2023-07-10 13:15:00-04:00,268.75,269.159912109375,267.9100036621094,268.3299865722656,268.3299865722656,1170231,False
2023-07-10 13:20:00-04:00,268.3299865722656,268.6499938964844,267.760009765625,268.1600036621094,268.1600036621094,1060176,False
2023-07-10 13:25:00-04:00,268.1700134277344,268.75,267.8299865722656,268.54998779296875,268.54998779296875,1096077,False
2023-07-10 13:30:00-04:00,268.6000061035156,268.8399963378906,268.202392578125,268.25,268.25,846790,False
2023-07-10 13:35:00-04:00,268.239990234375,268.4700012207031,267.8999938964844,268.2449951171875,268.2449951171875,793613,False
2023-07-10 13:40:00-04:00,268.2300109863281,268.6700134277344,268.0400085449219,268.2300109863281,268.2300109863281,726455,False
2023-07-10 13:45:00-04:00,268.239990234375,268.989990234375,268.2200012207031,268.6099853515625,268.6099853515625,942376,False
2023-07-10 13:50:00-04:00,268.6000061035156,269.54998779296875,268.5799865722656,268.79901123046875,268.79901123046875,1155424,False
2023-07-10 13:55:00-04:00,268.80499267578125,268.989990234375,268.1000061035156,268.3500061035156,268.3500061035156,944861,False
2023-07-10 14:00:00-04:00,268.3800048828125,268.7099914550781,268.1000061035156,268.1261901855469,268.1261901855469,896711,False
2023-07-10 14:05:00-04:00,268.1449890136719,268.75,268.04998779296875,268.4949951171875,268.4949951171875,939090,False
2023-07-10 14:10:00-04:00,268.4800109863281,269.20989990234375,268.44000244140625,269.1199951171875,269.1199951171875,1233133,False
2023-07-10 14:15:00-04:00,269.1015930175781,269.54998779296875,269.0400085449219,269.3699951171875,269.3699951171875,966689,False
2023-07-10 14:20:00-04:00,269.35009765625,269.8900146484375,269.1700134277344,269.5899963378906,269.5899963378906,1007174,False
2023-07-10 14:25:00-04:00,269.6099853515625,269.7799987792969,269.25,269.43890380859375,269.43890380859375,889743,False
2023-07-10 14:30:00-04:00,269.41119384765625,269.5899963378906,269.1026916503906,269.5209045410156,269.5209045410156,923160,False
2023-07-10 14:35:00-04:00,269.52069091796875,270.3599853515625,269.2200012207031,269.7869873046875,269.7869873046875,1388796,False
2023-07-10 14:40:00-04:00,269.7799987792969,270.05999755859375,269.3301086425781,269.7749938964844,269.7749938964844,948052,False
2023-07-10 14:45:00-04:00,269.7749938964844,269.82000732421875,269.1099853515625,269.3656005859375,269.3656005859375,908899,False
2023-07-10 14:50:00-04:00,269.36810302734375,269.69000244140625,268.7200012207031,268.7799987792969,268.7799987792969,986931,False
2023-07-10 14:55:00-04:00,268.80889892578125,269.2698974609375,268.79998779296875,269.1885070800781,269.1885070800781,863680,False
2023-07-10 15:00:00-04:00,269.2099914550781,269.39990234375,268.5299987792969,269.0199890136719,269.0199890136719,946080,False
2023-07-10 15:05:00-04:00,269.04998779296875,269.3399963378906,268.489990234375,268.7049865722656,268.7049865722656,801223,False
2023-07-10 15:10:00-04:00,268.70001220703125,268.8900146484375,268.4200134277344,268.7200012207031,268.7200012207031,823598,False
2023-07-10 15:15:00-04:00,268.7200012207031,269.3999938964844,268.5199890136719,269.3500061035156,269.3500061035156,927120,False
2023-07-10 15:20:00-04:00,269.3399963378906,269.95001220703125,268.8999938964844,268.94000244140625,268.94000244140625,1258261,False
2023-07-10 15:25:00-04:00,268.92999267578125,269.1000061035156,268.67999267578125,268.9400939941406,268.9400939941406,825702,False
2023-07-10 15:30:00-04:00,268.9100036621094,269.3799133300781,268.79998779296875,268.8901062011719,268.8901062011719,919316,False
2023-07-10 15:35:00-04:00,268.9100036621094,269.32000732421875,268.7699890136719,268.9996032714844,268.9996032714844,809875,False
2023-07-10 15:40:00-04:00,268.9800109863281,269.0299987792969,268.42999267578125,268.69500732421875,268.69500732421875,918100,False
2023-07-10 15:45:00-04:00,268.70001220703125,269.1000061035156,268.45001220703125,269.0199890136719,269.0199890136719,961027,False
2023-07-10 15:50:00-04:00,269.07000732421875,269.30999755859375,268.760009765625,269.0799865722656,269.0799865722656,1209671,False
2023-07-10 15:55:00-04:00,269.05999755859375,269.70001220703125,269.05999755859375,269.5000915527344,269.5000915527344,1864532,False
